{"Airplane": "B-1047", "Deadline": "2018-03-30", "Total": 7, "ATA": {"ATA-21": {"count": 3, "ratio": 0.42857142857142855}, "ATA-25": {"count": 1, "ratio": 0.14285714285714285}, "ATA-28": {"count": 1, "ratio": 0.14285714285714285}, "ATA-49": {"count": 1, "ratio": 0.14285714285714285}, "ATA-77": {"count": 1, "ratio": 0.14285714285714285}}}