{"Airplane": "B-6438", "Deadline": "2018-03-30", "Total": 270, "ATA": {"ATA-23": {"count": 35, "ratio": 0.12962962962962962}, "ATA-34": {"count": 29, "ratio": 0.10740740740740741}, "ATA-21": {"count": 27, "ratio": 0.1}, "ATA-32": {"count": 20, "ratio": 0.07407407407407407}, "ATA-27": {"count": 17, "ratio": 0.06296296296296296}, "ATA-36": {"count": 16, "ratio": 0.05925925925925926}, "ATA-49": {"count": 16, "ratio": 0.05925925925925926}, "ATA-22": {"count": 15, "ratio": 0.05555555555555555}, "ATA-30": {"count": 15, "ratio": 0.05555555555555555}, "ATA-28": {"count": 13, "ratio": 0.04814814814814815}, "ATA-26": {"count": 8, "ratio": 0.02962962962962963}, "ATA-52": {"count": 8, "ratio": 0.02962962962962963}, "ATA-79": {"count": 7, "ratio": 0.025925925925925925}, "ATA-29": {"count": 6, "ratio": 0.022222222222222223}, "ATA-38": {"count": 6, "ratio": 0.022222222222222223}, "ATA-24": {"count": 5, "ratio": 0.018518518518518517}, "ATA-31": {"count": 5, "ratio": 0.018518518518518517}, "ATA-33": {"count": 5, "ratio": 0.018518518518518517}, "ATA-25": {"count": 3, "ratio": 0.011111111111111112}, "ATA-72": {"count": 3, "ratio": 0.011111111111111112}, "ATA-35": {"count": 2, "ratio": 0.007407407407407408}, "ATA-73": {"count": 2, "ratio": 0.007407407407407408}, "ATA-74": {"count": 2, "ratio": 0.007407407407407408}, "ATA-75": {"count": 2, "ratio": 0.007407407407407408}, "ATA-12": {"count": 1, "ratio": 0.003703703703703704}, "ATA-57": {"count": 1, "ratio": 0.003703703703703704}, "ATA-77": {"count": 1, "ratio": 0.003703703703703704}}}