{"Airplane": "B-6426", "Deadline": "2018-03-30", "Total": 242, "ATA": {"ATA-21": {"count": 35, "ratio": 0.1446280991735537}, "ATA-27": {"count": 32, "ratio": 0.1322314049586777}, "ATA-34": {"count": 25, "ratio": 0.10330578512396695}, "ATA-32": {"count": 23, "ratio": 0.09504132231404959}, "ATA-30": {"count": 18, "ratio": 0.0743801652892562}, "ATA-36": {"count": 18, "ratio": 0.0743801652892562}, "ATA-22": {"count": 9, "ratio": 0.0371900826446281}, "ATA-28": {"count": 9, "ratio": 0.0371900826446281}, "ATA-24": {"count": 8, "ratio": 0.03305785123966942}, "ATA-49": {"count": 8, "ratio": 0.03305785123966942}, "ATA-23": {"count": 7, "ratio": 0.028925619834710745}, "ATA-29": {"count": 6, "ratio": 0.024793388429752067}, "ATA-31": {"count": 5, "ratio": 0.02066115702479339}, "ATA-26": {"count": 4, "ratio": 0.01652892561983471}, "ATA-47": {"count": 4, "ratio": 0.01652892561983471}, "ATA-52": {"count": 4, "ratio": 0.01652892561983471}, "ATA-79": {"count": 4, "ratio": 0.01652892561983471}, "ATA-33": {"count": 3, "ratio": 0.012396694214876033}, "ATA-38": {"count": 3, "ratio": 0.012396694214876033}, "ATA-46": {"count": 3, "ratio": 0.012396694214876033}, "ATA-75": {"count": 3, "ratio": 0.012396694214876033}, "ATA-73": {"count": 2, "ratio": 0.008264462809917356}, "ATA-74": {"count": 2, "ratio": 0.008264462809917356}, "ATA-77": {"count": 2, "ratio": 0.008264462809917356}, "ATA-35": {"count": 1, "ratio": 0.004132231404958678}, "ATA-70": {"count": 1, "ratio": 0.004132231404958678}, "ATA-71": {"count": 1, "ratio": 0.004132231404958678}, "ATA-72": {"count": 1, "ratio": 0.004132231404958678}, "ATA-76": {"count": 1, "ratio": 0.004132231404958678}}}