{"Airplane": "B-6436", "Deadline": "2018-03-30", "Total": 305, "ATA": {"ATA-21": {"count": 47, "ratio": 0.1540983606557377}, "ATA-34": {"count": 34, "ratio": 0.11147540983606558}, "ATA-27": {"count": 32, "ratio": 0.10491803278688525}, "ATA-32": {"count": 24, "ratio": 0.07868852459016394}, "ATA-22": {"count": 18, "ratio": 0.05901639344262295}, "ATA-49": {"count": 17, "ratio": 0.05573770491803279}, "ATA-28": {"count": 16, "ratio": 0.05245901639344262}, "ATA-36": {"count": 14, "ratio": 0.04590163934426229}, "ATA-23": {"count": 13, "ratio": 0.04262295081967213}, "ATA-35": {"count": 11, "ratio": 0.036065573770491806}, "ATA-29": {"count": 7, "ratio": 0.022950819672131147}, "ATA-24": {"count": 6, "ratio": 0.019672131147540985}, "ATA-30": {"count": 6, "ratio": 0.019672131147540985}, "ATA-26": {"count": 5, "ratio": 0.01639344262295082}, "ATA-31": {"count": 5, "ratio": 0.01639344262295082}, "ATA-33": {"count": 5, "ratio": 0.01639344262295082}, "ATA-38": {"count": 5, "ratio": 0.01639344262295082}, "ATA-75": {"count": 5, "ratio": 0.01639344262295082}, "ATA-77": {"count": 5, "ratio": 0.01639344262295082}, "ATA-79": {"count": 5, "ratio": 0.01639344262295082}, "ATA-25": {"count": 4, "ratio": 0.013114754098360656}, "ATA-52": {"count": 4, "ratio": 0.013114754098360656}, "ATA-46": {"count": 3, "ratio": 0.009836065573770493}, "ATA-72": {"count": 3, "ratio": 0.009836065573770493}, "ATA-70": {"count": 3, "ratio": 0.009836065573770493}, "ATA-73": {"count": 2, "ratio": 0.006557377049180328}, "ATA-80": {"count": 2, "ratio": 0.006557377049180328}, "ATA-12": {"count": 1, "ratio": 0.003278688524590164}, "ATA-55": {"count": 1, "ratio": 0.003278688524590164}, "ATA-78": {"count": 1, "ratio": 0.003278688524590164}, "ATA-71": {"count": 1, "ratio": 0.003278688524590164}}}