{"Airplane": "B-6481", "Deadline": "2018-03-30", "Total": 43, "ATA": {"ATA-21": {"count": 5, "ratio": 0.11627906976744186}, "ATA-22": {"count": 1, "ratio": 0.023255813953488372}, "ATA-23": {"count": 3, "ratio": 0.06976744186046512}, "ATA-24": {"count": 3, "ratio": 0.06976744186046512}, "ATA-26": {"count": 1, "ratio": 0.023255813953488372}, "ATA-27": {"count": 4, "ratio": 0.09302325581395349}, "ATA-29": {"count": 1, "ratio": 0.023255813953488372}, "ATA-30": {"count": 4, "ratio": 0.09302325581395349}, "ATA-31": {"count": 1, "ratio": 0.023255813953488372}, "ATA-32": {"count": 4, "ratio": 0.09302325581395349}, "ATA-34": {"count": 4, "ratio": 0.09302325581395349}, "ATA-36": {"count": 8, "ratio": 0.18604651162790697}, "ATA-38": {"count": 1, "ratio": 0.023255813953488372}, "ATA-49": {"count": 1, "ratio": 0.023255813953488372}, "ATA-52": {"count": 2, "ratio": 0.046511627906976744}}}