{"Airplane": "B-6473", "Deadline": "2018-03-30", "Total": 94, "ATA": {"ATA-21": {"count": 8, "ratio": 0.0851063829787234}, "ATA-22": {"count": 4, "ratio": 0.0425531914893617}, "ATA-23": {"count": 3, "ratio": 0.031914893617021274}, "ATA-24": {"count": 1, "ratio": 0.010638297872340425}, "ATA-27": {"count": 12, "ratio": 0.1276595744680851}, "ATA-28": {"count": 4, "ratio": 0.0425531914893617}, "ATA-29": {"count": 2, "ratio": 0.02127659574468085}, "ATA-30": {"count": 5, "ratio": 0.05319148936170213}, "ATA-31": {"count": 5, "ratio": 0.05319148936170213}, "ATA-32": {"count": 3, "ratio": 0.031914893617021274}, "ATA-34": {"count": 11, "ratio": 0.11702127659574468}, "ATA-35": {"count": 1, "ratio": 0.010638297872340425}, "ATA-36": {"count": 20, "ratio": 0.2127659574468085}, "ATA-46": {"count": 1, "ratio": 0.010638297872340425}, "ATA-47": {"count": 1, "ratio": 0.010638297872340425}, "ATA-49": {"count": 3, "ratio": 0.031914893617021274}, "ATA-52": {"count": 1, "ratio": 0.010638297872340425}, "ATA-74": {"count": 4, "ratio": 0.0425531914893617}, "ATA-77": {"count": 1, "ratio": 0.010638297872340425}, "ATA-79": {"count": 2, "ratio": 0.02127659574468085}, "ATA-80": {"count": 2, "ratio": 0.02127659574468085}}}