{"Airplane": "B-6451", "Deadline": "2018-03-30", "Total": 138, "ATA": {"ATA-21": {"count": 12, "ratio": 0.08695652173913043}, "ATA-22": {"count": 4, "ratio": 0.028985507246376812}, "ATA-23": {"count": 6, "ratio": 0.043478260869565216}, "ATA-24": {"count": 2, "ratio": 0.014492753623188406}, "ATA-26": {"count": 3, "ratio": 0.021739130434782608}, "ATA-27": {"count": 24, "ratio": 0.17391304347826086}, "ATA-28": {"count": 8, "ratio": 0.057971014492753624}, "ATA-29": {"count": 2, "ratio": 0.014492753623188406}, "ATA-30": {"count": 5, "ratio": 0.036231884057971016}, "ATA-31": {"count": 4, "ratio": 0.028985507246376812}, "ATA-32": {"count": 7, "ratio": 0.050724637681159424}, "ATA-34": {"count": 14, "ratio": 0.10144927536231885}, "ATA-35": {"count": 3, "ratio": 0.021739130434782608}, "ATA-36": {"count": 15, "ratio": 0.10869565217391304}, "ATA-47": {"count": 4, "ratio": 0.028985507246376812}, "ATA-49": {"count": 5, "ratio": 0.036231884057971016}, "ATA-52": {"count": 3, "ratio": 0.021739130434782608}, "ATA-70": {"count": 1, "ratio": 0.007246376811594203}, "ATA-72": {"count": 2, "ratio": 0.014492753623188406}, "ATA-73": {"count": 1, "ratio": 0.007246376811594203}, "ATA-74": {"count": 2, "ratio": 0.014492753623188406}, "ATA-75": {"count": 1, "ratio": 0.007246376811594203}, "ATA-77": {"count": 3, "ratio": 0.021739130434782608}, "ATA-79": {"count": 6, "ratio": 0.043478260869565216}, "ATA-80": {"count": 1, "ratio": 0.007246376811594203}}}