{"Airplane": "B-6467", "Deadline": "2018-03-30", "Total": 88, "ATA": {"ATA-21": {"count": 21, "ratio": 0.23863636363636365}, "ATA-22": {"count": 3, "ratio": 0.03409090909090909}, "ATA-23": {"count": 3, "ratio": 0.03409090909090909}, "ATA-24": {"count": 5, "ratio": 0.056818181818181816}, "ATA-25": {"count": 1, "ratio": 0.011363636363636364}, "ATA-26": {"count": 1, "ratio": 0.011363636363636364}, "ATA-27": {"count": 4, "ratio": 0.045454545454545456}, "ATA-28": {"count": 3, "ratio": 0.03409090909090909}, "ATA-29": {"count": 1, "ratio": 0.011363636363636364}, "ATA-31": {"count": 1, "ratio": 0.011363636363636364}, "ATA-32": {"count": 3, "ratio": 0.03409090909090909}, "ATA-33": {"count": 1, "ratio": 0.011363636363636364}, "ATA-34": {"count": 8, "ratio": 0.09090909090909091}, "ATA-36": {"count": 8, "ratio": 0.09090909090909091}, "ATA-49": {"count": 5, "ratio": 0.056818181818181816}, "ATA-52": {"count": 2, "ratio": 0.022727272727272728}, "ATA-53": {"count": 1, "ratio": 0.011363636363636364}, "ATA-74": {"count": 6, "ratio": 0.06818181818181818}, "ATA-76": {"count": 1, "ratio": 0.011363636363636364}, "ATA-77": {"count": 4, "ratio": 0.045454545454545456}, "ATA-78": {"count": 1, "ratio": 0.011363636363636364}, "ATA-79": {"count": 5, "ratio": 0.056818181818181816}}}