{"Airplane": "B-6425", "Deadline": "2018-03-30", "Total": 245, "ATA": {"ATA-21": {"count": 34, "ratio": 0.13877551020408163}, "ATA-27": {"count": 26, "ratio": 0.10612244897959183}, "ATA-30": {"count": 21, "ratio": 0.08571428571428572}, "ATA-36": {"count": 19, "ratio": 0.07755102040816327}, "ATA-32": {"count": 18, "ratio": 0.07346938775510205}, "ATA-23": {"count": 17, "ratio": 0.06938775510204082}, "ATA-34": {"count": 17, "ratio": 0.06938775510204082}, "ATA-22": {"count": 14, "ratio": 0.05714285714285714}, "ATA-49": {"count": 13, "ratio": 0.053061224489795916}, "ATA-28": {"count": 10, "ratio": 0.04081632653061224}, "ATA-24": {"count": 6, "ratio": 0.024489795918367346}, "ATA-26": {"count": 6, "ratio": 0.024489795918367346}, "ATA-31": {"count": 6, "ratio": 0.024489795918367346}, "ATA-38": {"count": 4, "ratio": 0.0163265306122449}, "ATA-47": {"count": 4, "ratio": 0.0163265306122449}, "ATA-76": {"count": 4, "ratio": 0.0163265306122449}, "ATA-29": {"count": 3, "ratio": 0.012244897959183673}, "ATA-33": {"count": 3, "ratio": 0.012244897959183673}, "ATA-35": {"count": 3, "ratio": 0.012244897959183673}, "ATA-52": {"count": 3, "ratio": 0.012244897959183673}, "ATA-75": {"count": 3, "ratio": 0.012244897959183673}, "ATA-79": {"count": 3, "ratio": 0.012244897959183673}, "ATA-71": {"count": 2, "ratio": 0.00816326530612245}, "ATA-73": {"count": 2, "ratio": 0.00816326530612245}, "ATA-74": {"count": 2, "ratio": 0.00816326530612245}, "ATA-46": {"count": 1, "ratio": 0.004081632653061225}, "ATA-77": {"count": 1, "ratio": 0.004081632653061225}}}