{"Airplane": "B-6437", "Deadline": "2018-03-30", "Total": 263, "ATA": {"ATA-21": {"count": 44, "ratio": 0.16730038022813687}, "ATA-27": {"count": 27, "ratio": 0.10266159695817491}, "ATA-22": {"count": 22, "ratio": 0.08365019011406843}, "ATA-32": {"count": 19, "ratio": 0.07224334600760456}, "ATA-34": {"count": 19, "ratio": 0.07224334600760456}, "ATA-23": {"count": 18, "ratio": 0.06844106463878327}, "ATA-49": {"count": 13, "ratio": 0.049429657794676805}, "ATA-28": {"count": 12, "ratio": 0.045627376425855515}, "ATA-30": {"count": 12, "ratio": 0.045627376425855515}, "ATA-52": {"count": 9, "ratio": 0.034220532319391636}, "ATA-77": {"count": 9, "ratio": 0.034220532319391636}, "ATA-79": {"count": 8, "ratio": 0.030418250950570342}, "ATA-75": {"count": 6, "ratio": 0.022813688212927757}, "ATA-36": {"count": 5, "ratio": 0.019011406844106463}, "ATA-72": {"count": 5, "ratio": 0.019011406844106463}, "ATA-29": {"count": 4, "ratio": 0.015209125475285171}, "ATA-31": {"count": 4, "ratio": 0.015209125475285171}, "ATA-71": {"count": 4, "ratio": 0.015209125475285171}, "ATA-26": {"count": 3, "ratio": 0.011406844106463879}, "ATA-78": {"count": 3, "ratio": 0.011406844106463879}, "ATA-24": {"count": 2, "ratio": 0.0076045627376425855}, "ATA-25": {"count": 2, "ratio": 0.0076045627376425855}, "ATA-33": {"count": 2, "ratio": 0.0076045627376425855}, "ATA-38": {"count": 2, "ratio": 0.0076045627376425855}, "ATA-73": {"count": 2, "ratio": 0.0076045627376425855}, "ATA-05": {"count": 1, "ratio": 0.0038022813688212928}, "ATA-35": {"count": 1, "ratio": 0.0038022813688212928}, "ATA-55": {"count": 1, "ratio": 0.0038022813688212928}, "ATA-56": {"count": 1, "ratio": 0.0038022813688212928}, "ATA-57": {"count": 1, "ratio": 0.0038022813688212928}, "ATA-74": {"count": 1, "ratio": 0.0038022813688212928}, "ATA-80": {"count": 1, "ratio": 0.0038022813688212928}}}