{"Airplane": "B-6443", "Deadline": "2018-03-30", "Total": 157, "ATA": {"ATA-36": {"count": 21, "ratio": 0.1337579617834395}, "ATA-21": {"count": 20, "ratio": 0.12738853503184713}, "ATA-32": {"count": 18, "ratio": 0.11464968152866242}, "ATA-27": {"count": 17, "ratio": 0.10828025477707007}, "ATA-34": {"count": 15, "ratio": 0.09554140127388536}, "ATA-28": {"count": 10, "ratio": 0.06369426751592357}, "ATA-22": {"count": 8, "ratio": 0.050955414012738856}, "ATA-23": {"count": 8, "ratio": 0.050955414012738856}, "ATA-49": {"count": 6, "ratio": 0.03821656050955414}, "ATA-24": {"count": 5, "ratio": 0.03184713375796178}, "ATA-26": {"count": 4, "ratio": 0.025477707006369428}, "ATA-30": {"count": 3, "ratio": 0.01910828025477707}, "ATA-31": {"count": 3, "ratio": 0.01910828025477707}, "ATA-52": {"count": 3, "ratio": 0.01910828025477707}, "ATA-29": {"count": 2, "ratio": 0.012738853503184714}, "ATA-57": {"count": 2, "ratio": 0.012738853503184714}, "ATA-75": {"count": 2, "ratio": 0.012738853503184714}, "ATA-77": {"count": 2, "ratio": 0.012738853503184714}, "ATA-79": {"count": 2, "ratio": 0.012738853503184714}, "ATA-25": {"count": 1, "ratio": 0.006369426751592357}, "ATA-35": {"count": 1, "ratio": 0.006369426751592357}, "ATA-47": {"count": 1, "ratio": 0.006369426751592357}, "ATA-70": {"count": 1, "ratio": 0.006369426751592357}, "ATA-73": {"count": 1, "ratio": 0.006369426751592357}, "ATA-80": {"count": 1, "ratio": 0.006369426751592357}}}