{"Airplane": "B-6440", "Deadline": "2018-03-30", "Total": 178, "ATA": {"ATA-21": {"count": 24, "ratio": 0.1348314606741573}, "ATA-32": {"count": 19, "ratio": 0.10674157303370786}, "ATA-36": {"count": 19, "ratio": 0.10674157303370786}, "ATA-34": {"count": 18, "ratio": 0.10112359550561797}, "ATA-27": {"count": 13, "ratio": 0.07303370786516854}, "ATA-22": {"count": 11, "ratio": 0.06179775280898876}, "ATA-28": {"count": 7, "ratio": 0.03932584269662921}, "ATA-23": {"count": 7, "ratio": 0.03932584269662921}, "ATA-75": {"count": 7, "ratio": 0.03932584269662921}, "ATA-24": {"count": 5, "ratio": 0.028089887640449437}, "ATA-26": {"count": 5, "ratio": 0.028089887640449437}, "ATA-30": {"count": 5, "ratio": 0.028089887640449437}, "ATA-74": {"count": 5, "ratio": 0.028089887640449437}, "ATA-77": {"count": 5, "ratio": 0.028089887640449437}, "ATA-49": {"count": 4, "ratio": 0.02247191011235955}, "ATA-31": {"count": 3, "ratio": 0.016853932584269662}, "ATA-47": {"count": 3, "ratio": 0.016853932584269662}, "ATA-71": {"count": 3, "ratio": 0.016853932584269662}, "ATA-79": {"count": 3, "ratio": 0.016853932584269662}, "ATA-29": {"count": 2, "ratio": 0.011235955056179775}, "ATA-35": {"count": 2, "ratio": 0.011235955056179775}, "ATA-46": {"count": 2, "ratio": 0.011235955056179775}, "ATA-73": {"count": 2, "ratio": 0.011235955056179775}, "ATA-25": {"count": 1, "ratio": 0.0056179775280898875}, "ATA-33": {"count": 1, "ratio": 0.0056179775280898875}, "ATA-52": {"count": 1, "ratio": 0.0056179775280898875}, "ATA-78": {"count": 1, "ratio": 0.0056179775280898875}}}