{"Airplane": "B-6475", "Deadline": "2018-03-30", "Total": 73, "ATA": {"ATA-21": {"count": 9, "ratio": 0.1232876712328767}, "ATA-23": {"count": 3, "ratio": 0.0410958904109589}, "ATA-24": {"count": 2, "ratio": 0.0273972602739726}, "ATA-25": {"count": 1, "ratio": 0.0136986301369863}, "ATA-26": {"count": 2, "ratio": 0.0273972602739726}, "ATA-27": {"count": 4, "ratio": 0.0547945205479452}, "ATA-28": {"count": 3, "ratio": 0.0410958904109589}, "ATA-30": {"count": 2, "ratio": 0.0273972602739726}, "ATA-31": {"count": 2, "ratio": 0.0273972602739726}, "ATA-32": {"count": 5, "ratio": 0.0684931506849315}, "ATA-33": {"count": 1, "ratio": 0.0136986301369863}, "ATA-34": {"count": 6, "ratio": 0.0821917808219178}, "ATA-36": {"count": 8, "ratio": 0.1095890410958904}, "ATA-49": {"count": 1, "ratio": 0.0136986301369863}, "ATA-52": {"count": 3, "ratio": 0.0410958904109589}, "ATA-57": {"count": 1, "ratio": 0.0136986301369863}, "ATA-73": {"count": 4, "ratio": 0.0547945205479452}, "ATA-74": {"count": 1, "ratio": 0.0136986301369863}, "ATA-75": {"count": 3, "ratio": 0.0410958904109589}, "ATA-76": {"count": 1, "ratio": 0.0136986301369863}, "ATA-77": {"count": 7, "ratio": 0.0958904109589041}, "ATA-79": {"count": 4, "ratio": 0.0547945205479452}}}