{"Airplane": "B-8420", "Deadline": "2018-03-30", "Total": 114, "ATA": {"ATA-21": {"count": 17, "ratio": 0.14912280701754385}, "ATA-22": {"count": 2, "ratio": 0.017543859649122806}, "ATA-23": {"count": 5, "ratio": 0.043859649122807015}, "ATA-24": {"count": 8, "ratio": 0.07017543859649122}, "ATA-25": {"count": 2, "ratio": 0.017543859649122806}, "ATA-27": {"count": 7, "ratio": 0.06140350877192982}, "ATA-28": {"count": 5, "ratio": 0.043859649122807015}, "ATA-29": {"count": 1, "ratio": 0.008771929824561403}, "ATA-31": {"count": 1, "ratio": 0.008771929824561403}, "ATA-32": {"count": 9, "ratio": 0.07894736842105263}, "ATA-33": {"count": 2, "ratio": 0.017543859649122806}, "ATA-34": {"count": 9, "ratio": 0.07894736842105263}, "ATA-35": {"count": 1, "ratio": 0.008771929824561403}, "ATA-36": {"count": 16, "ratio": 0.14035087719298245}, "ATA-38": {"count": 1, "ratio": 0.008771929824561403}, "ATA-46": {"count": 1, "ratio": 0.008771929824561403}, "ATA-47": {"count": 1, "ratio": 0.008771929824561403}, "ATA-49": {"count": 4, "ratio": 0.03508771929824561}, "ATA-52": {"count": 3, "ratio": 0.02631578947368421}, "ATA-73": {"count": 13, "ratio": 0.11403508771929824}, "ATA-74": {"count": 4, "ratio": 0.03508771929824561}, "ATA-79": {"count": 2, "ratio": 0.017543859649122806}}}