{"Airplane": "B-8417", "Deadline": "2018-03-30", "Total": 43, "ATA": {"ATA-21": {"count": 4, "ratio": 0.09302325581395349}, "ATA-22": {"count": 2, "ratio": 0.046511627906976744}, "ATA-23": {"count": 1, "ratio": 0.023255813953488372}, "ATA-24": {"count": 1, "ratio": 0.023255813953488372}, "ATA-26": {"count": 2, "ratio": 0.046511627906976744}, "ATA-27": {"count": 2, "ratio": 0.046511627906976744}, "ATA-28": {"count": 1, "ratio": 0.023255813953488372}, "ATA-30": {"count": 3, "ratio": 0.06976744186046512}, "ATA-31": {"count": 7, "ratio": 0.16279069767441862}, "ATA-32": {"count": 1, "ratio": 0.023255813953488372}, "ATA-34": {"count": 9, "ratio": 0.20930232558139536}, "ATA-36": {"count": 2, "ratio": 0.046511627906976744}, "ATA-38": {"count": 2, "ratio": 0.046511627906976744}, "ATA-49": {"count": 3, "ratio": 0.06976744186046512}, "ATA-52": {"count": 1, "ratio": 0.023255813953488372}, "ATA-74": {"count": 1, "ratio": 0.023255813953488372}, "ATA-77": {"count": 1, "ratio": 0.023255813953488372}}}