{"Airplane": "B-8419", "Deadline": "2018-03-30", "Total": 73, "ATA": {"ATA-21": {"count": 6, "ratio": 0.0821917808219178}, "ATA-22": {"count": 3, "ratio": 0.0410958904109589}, "ATA-23": {"count": 1, "ratio": 0.0136986301369863}, "ATA-24": {"count": 2, "ratio": 0.0273972602739726}, "ATA-26": {"count": 2, "ratio": 0.0273972602739726}, "ATA-27": {"count": 2, "ratio": 0.0273972602739726}, "ATA-28": {"count": 2, "ratio": 0.0273972602739726}, "ATA-29": {"count": 2, "ratio": 0.0273972602739726}, "ATA-30": {"count": 1, "ratio": 0.0136986301369863}, "ATA-31": {"count": 1, "ratio": 0.0136986301369863}, "ATA-32": {"count": 6, "ratio": 0.0821917808219178}, "ATA-34": {"count": 15, "ratio": 0.2054794520547945}, "ATA-36": {"count": 4, "ratio": 0.0547945205479452}, "ATA-38": {"count": 2, "ratio": 0.0273972602739726}, "ATA-49": {"count": 9, "ratio": 0.1232876712328767}, "ATA-57": {"count": 1, "ratio": 0.0136986301369863}, "ATA-74": {"count": 10, "ratio": 0.136986301369863}, "ATA-77": {"count": 1, "ratio": 0.0136986301369863}, "ATA-79": {"count": 3, "ratio": 0.0410958904109589}}}