{"Airplane": "B-8691", "Deadline": "2018-03-30", "Total": 14, "ATA": {"ATA-21": {"count": 1, "ratio": 0.07142857142857142}, "ATA-22": {"count": 3, "ratio": 0.21428571428571427}, "ATA-27": {"count": 2, "ratio": 0.14285714285714285}, "ATA-28": {"count": 2, "ratio": 0.14285714285714285}, "ATA-34": {"count": 1, "ratio": 0.07142857142857142}, "ATA-36": {"count": 1, "ratio": 0.07142857142857142}, "ATA-49": {"count": 1, "ratio": 0.07142857142857142}, "ATA-75": {"count": 1, "ratio": 0.07142857142857142}, "ATA-78": {"count": 1, "ratio": 0.07142857142857142}, "ATA-79": {"count": 1, "ratio": 0.07142857142857142}}}