{"Airplane": "B-8692", "Deadline": "2018-03-30", "Total": 9, "ATA": {"ATA-21": {"count": 1, "ratio": 0.1111111111111111}, "ATA-22": {"count": 1, "ratio": 0.1111111111111111}, "ATA-25": {"count": 1, "ratio": 0.1111111111111111}, "ATA-30": {"count": 2, "ratio": 0.2222222222222222}, "ATA-32": {"count": 1, "ratio": 0.1111111111111111}, "ATA-34": {"count": 1, "ratio": 0.1111111111111111}, "ATA-79": {"count": 2, "ratio": 0.2222222222222222}}}