{"Airplane": "B-8841", "Deadline": "2018-03-30", "Total": 30, "ATA": {"ATA-21": {"count": 5, "ratio": 0.16666666666666666}, "ATA-22": {"count": 2, "ratio": 0.06666666666666667}, "ATA-23": {"count": 1, "ratio": 0.03333333333333333}, "ATA-25": {"count": 1, "ratio": 0.03333333333333333}, "ATA-26": {"count": 1, "ratio": 0.03333333333333333}, "ATA-27": {"count": 2, "ratio": 0.06666666666666667}, "ATA-28": {"count": 1, "ratio": 0.03333333333333333}, "ATA-29": {"count": 1, "ratio": 0.03333333333333333}, "ATA-31": {"count": 1, "ratio": 0.03333333333333333}, "ATA-32": {"count": 1, "ratio": 0.03333333333333333}, "ATA-34": {"count": 3, "ratio": 0.1}, "ATA-36": {"count": 2, "ratio": 0.06666666666666667}, "ATA-49": {"count": 2, "ratio": 0.06666666666666667}, "ATA-52": {"count": 1, "ratio": 0.03333333333333333}, "ATA-73": {"count": 1, "ratio": 0.03333333333333333}, "ATA-75": {"count": 1, "ratio": 0.03333333333333333}, "ATA-78": {"count": 1, "ratio": 0.03333333333333333}, "ATA-79": {"count": 3, "ratio": 0.1}}}