{"Airplane": "B-8842", "Deadline": "2018-03-30", "Total": 18, "ATA": {"ATA-21": {"count": 3, "ratio": 0.16666666666666666}, "ATA-22": {"count": 2, "ratio": 0.1111111111111111}, "ATA-24": {"count": 2, "ratio": 0.1111111111111111}, "ATA-27": {"count": 1, "ratio": 0.05555555555555555}, "ATA-28": {"count": 1, "ratio": 0.05555555555555555}, "ATA-34": {"count": 2, "ratio": 0.1111111111111111}, "ATA-49": {"count": 2, "ratio": 0.1111111111111111}, "ATA-77": {"count": 1, "ratio": 0.05555555555555555}, "ATA-79": {"count": 3, "ratio": 0.16666666666666666}, "ATA-80": {"count": 1, "ratio": 0.05555555555555555}}}