{"Airplane": "B-8843", "Deadline": "2018-03-30", "Total": 24, "ATA": {"ATA-05": {"count": 1, "ratio": 0.041666666666666664}, "ATA-21": {"count": 2, "ratio": 0.08333333333333333}, "ATA-22": {"count": 3, "ratio": 0.125}, "ATA-24": {"count": 1, "ratio": 0.041666666666666664}, "ATA-26": {"count": 1, "ratio": 0.041666666666666664}, "ATA-27": {"count": 2, "ratio": 0.08333333333333333}, "ATA-28": {"count": 2, "ratio": 0.08333333333333333}, "ATA-31": {"count": 1, "ratio": 0.041666666666666664}, "ATA-32": {"count": 2, "ratio": 0.08333333333333333}, "ATA-34": {"count": 2, "ratio": 0.08333333333333333}, "ATA-35": {"count": 1, "ratio": 0.041666666666666664}, "ATA-36": {"count": 2, "ratio": 0.08333333333333333}, "ATA-49": {"count": 1, "ratio": 0.041666666666666664}, "ATA-75": {"count": 1, "ratio": 0.041666666666666664}, "ATA-77": {"count": 1, "ratio": 0.041666666666666664}, "ATA-79": {"count": 1, "ratio": 0.041666666666666664}}}