{"Airplane": "B-8950", "Deadline": "2018-03-30", "Total": 73, "ATA": {"ATA-21": {"count": 14, "ratio": 0.1917808219178082}, "ATA-22": {"count": 2, "ratio": 0.0273972602739726}, "ATA-23": {"count": 5, "ratio": 0.0684931506849315}, "ATA-24": {"count": 3, "ratio": 0.0410958904109589}, "ATA-25": {"count": 1, "ratio": 0.0136986301369863}, "ATA-26": {"count": 2, "ratio": 0.0273972602739726}, "ATA-27": {"count": 2, "ratio": 0.0273972602739726}, "ATA-28": {"count": 1, "ratio": 0.0136986301369863}, "ATA-29": {"count": 4, "ratio": 0.0547945205479452}, "ATA-30": {"count": 1, "ratio": 0.0136986301369863}, "ATA-31": {"count": 1, "ratio": 0.0136986301369863}, "ATA-32": {"count": 2, "ratio": 0.0273972602739726}, "ATA-34": {"count": 5, "ratio": 0.0684931506849315}, "ATA-36": {"count": 5, "ratio": 0.0684931506849315}, "ATA-38": {"count": 3, "ratio": 0.0410958904109589}, "ATA-45": {"count": 1, "ratio": 0.0136986301369863}, "ATA-47": {"count": 3, "ratio": 0.0410958904109589}, "ATA-49": {"count": 4, "ratio": 0.0547945205479452}, "ATA-52": {"count": 5, "ratio": 0.0684931506849315}, "ATA-71": {"count": 1, "ratio": 0.0136986301369863}, "ATA-73": {"count": 5, "ratio": 0.0684931506849315}, "ATA-78": {"count": 2, "ratio": 0.0273972602739726}, "ATA-79": {"count": 1, "ratio": 0.0136986301369863}}}