{"Airplane": "B-8951", "Deadline": "2018-03-30", "Total": 47, "ATA": {"ATA-21": {"count": 5, "ratio": 0.10638297872340426}, "ATA-22": {"count": 1, "ratio": 0.02127659574468085}, "ATA-23": {"count": 3, "ratio": 0.06382978723404255}, "ATA-24": {"count": 4, "ratio": 0.0851063829787234}, "ATA-27": {"count": 5, "ratio": 0.10638297872340426}, "ATA-28": {"count": 2, "ratio": 0.0425531914893617}, "ATA-29": {"count": 1, "ratio": 0.02127659574468085}, "ATA-31": {"count": 3, "ratio": 0.06382978723404255}, "ATA-32": {"count": 2, "ratio": 0.0425531914893617}, "ATA-34": {"count": 2, "ratio": 0.0425531914893617}, "ATA-36": {"count": 7, "ratio": 0.14893617021276595}, "ATA-38": {"count": 1, "ratio": 0.02127659574468085}, "ATA-47": {"count": 1, "ratio": 0.02127659574468085}, "ATA-49": {"count": 1, "ratio": 0.02127659574468085}, "ATA-52": {"count": 3, "ratio": 0.06382978723404255}, "ATA-73": {"count": 4, "ratio": 0.0851063829787234}, "ATA-74": {"count": 1, "ratio": 0.02127659574468085}, "ATA-78": {"count": 1, "ratio": 0.02127659574468085}}}